id,username,created_at
1,Kenton_Kirlin,2017-02-16 18:22:00
2,Andre_Purdy85,2017-02-04 17:11:00
3,Harley_Lind18,2017-02-21 11:12:00
4,Arely_Bogan63,2016-08-13 01:28:00
5,Aniya_Hackett,2016-07-12 01:04:00
6,Travon.Waters,2017-04-30 13:26:00
7,Kasandra_Homenick,2016-12-12 06:50:00
8,Tabitha_Schamberger11,2016-08-20 02:19:00
9,Gus93,2016-06-24 19:36:00
10,Presley_McClure,2016-07-08 16:25:00
11,Justina.Gaylord27,2017-04-05 16:32:00
12,Dereck65,2017-01-19 01:34:00
13,Alexandro35,2017-03-29 17:09:00
14,Jaclyn81,2017-06-02 23:29:00
15,Billy52,2016-05-10 14:10:00
16,Annalise.McKenzie16,2016-02-08 21:32:00
17,Norbert_Carroll35,2017-06-02 22:05:00
18,Odessa2,2016-10-21 18:16:00
19,Hailee26,2017-04-29 18:53:00
20,Delpha.Kihn,2016-08-31 02:42:00
21,Rocio33,2017-01-23 11:51:00
22,Kenneth64,2016-12-27 09:48:00
23,Eveline95,2017-01-23 23:14:00
24,Maxwell.Halvorson,2017-04-18 02:32:00
25,Tierra.Trantow,2016-03-10 12:49:00
26,Josianne.Friesen,2016-07-06 12:47:00
27,Darwin29,2017-03-18 03:10:00
28,Dario77,2016-08-18 07:15:00
29,Jaime53,2016-11-09 18:51:00
30,Kaley9,2016-09-23 21:24:00
31,Aiyana_Hoeger,2016-09-29 20:28:00
32,Irwin.Larson,2016-08-26 19:36:00
33,Yvette.Gottlieb91,2016-11-14 12:32:00
34,Pearl7,2016-08-07 21:42:00
35,Lennie_Hartmann40,2017-03-30 03:25:00
36,Ollie_Ledner37,2016-04-08 15:42:00
37,Yazmin_Mills95,2016-07-27 00:56:00
38,Jordyn.Jacobson2,2016-05-14 07:56:00
39,Kelsi26,2016-08-06 17:48:00
40,Rafael.Hickle2,2016-05-19 09:51:00
41,Mckenna17,2016-07-17 17:25:00
42,Maya.Farrell,2016-11-12 18:04:00
43,Janet.Armstrong,2016-06-10 07:57:00
44,Seth46,2016-07-07 11:40:00
45,David.Osinski47,2017-05-02 21:23:00
46,Malinda_Streich,2016-09-07 21:37:00
47,Harrison.Beatty50,2016-02-09 03:48:00
48,Granville_Kutch,2016-06-26 03:10:00
49,Morgan.Kassulke,2016-10-30 12:42:00
50,Gerard79,2016-08-23 19:47:00
51,Mariano_Koch3,2017-04-17 14:14:00
52,Zack_Kemmer93,2017-01-01 05:58:00
53,Linnea59,2017-07-02 07:49:00
54,Duane60,2016-12-21 04:43:00
55,Meggie_Doyle,2017-04-04 12:17:00
56,Peter.Stehr0,2016-08-22 18:05:00
57,Julien_Schmidt,2017-02-02 23:12:00
58,Aurelie71,2016-05-31 06:20:00
59,Cesar93,2016-10-18 16:42:00
60,Sam52,2017-03-30 22:03:00
61,Jayson65,2016-10-14 19:10:00
62,Ressie_Stanton46,2016-12-20 15:09:00
63,Elenor88,2016-08-05 01:30:00
64,Florence99,2016-06-10 23:08:00
65,Adelle96,2016-01-10 00:37:00
66,Mike.Auer39,2016-01-07 17:36:00
67,Emilio_Bernier52,2016-06-05 13:04:00
68,Franco_Keebler64,2016-11-13 20:09:00
69,Karley_Bosco,2016-06-24 23:38:00
70,Erick5,2017-05-04 23:44:00
71,Nia_Haag,2016-05-14 15:38:00
72,Kathryn80,2016-11-10 09:01:00
73,Jaylan.Lakin,2016-10-06 23:58:00
74,Hulda.Macejkovic,2017-01-25 17:17:00
75,Leslie67,2016-09-21 05:14:00
76,Janelle.Nikolaus81,2016-07-21 09:26:00
77,Donald.Fritsch,2017-07-01 10:05:00
78,Colten.Harris76,2016-10-10 02:38:00
79,Katarina.Dibbert,2016-03-11 13:14:00
80,Darby_Herzog,2016-06-05 00:14:00
81,Esther.Zulauf61,2017-01-14 17:02:00
82,Aracely.Johnston98,2016-07-25 18:49:00
83,Bartholome.Bernhard,2016-06-11 02:31:00
84,Alysa22,2017-01-01 17:44:00
85,Milford_Gleichner42,2017-04-30 07:50:00
86,Delfina_VonRueden68,2017-03-21 12:02:00
87,Rick29,2017-02-24 11:25:00
88,Clint27,2016-02-06 21:40:00
89,Jessyca_West,2016-09-14 23:47:00
90,Esmeralda.Mraz57,2017-03-03 11:52:00
91,Bethany20,2016-03-06 23:31:00
92,Frederik_Rice,2016-06-07 21:56:00
93,Willie_Leuschke,2017-02-15 01:40:00
94,Damon35,2016-10-31 14:44:00
95,Nicole71,2016-09-05 17:30:00
96,Keenan.Schamberger60,2016-08-28 14:57:00
97,Tomas.Beatty93,2017-11-02 11:38:00
98,Imani_Nicolas17,2017-01-31 22:59:00
99,Alek_Watsica,2016-10-12 07:43:00
100,Javonte83,2017-03-27 22:06:00
